Market,adjusted_annual_revenue
Arlington,8504.87
Dallas,12549.810000000001
Denton,10624.77
Fort-Worth,9644.356
Frisco,12627.09
Grand Prairie,11229.01
Irving,11956.266
McKinney,11999.416000000001
Plano,12211.024
Richardson,12373.4
